rollno,sname,gender,course,score,age
1,Jennifer Gordon,Female,AI,93.2,22
2,Amanda Lopez,Male,CS,77.3,24
3,Tina Newton,Female,CS,61.6,22
4,Alexis Miller,Male,CS,68.1,19
5,Rose Johnson DVM,Male,DS,68.5,22
6,Ronald Kelly,Female,IT,75.4,20
7,Donna Carlson,Female,DS,67.8,22
8,Dr. Brittney Mcdowell,Female,DS,69.5,19
9,Denise Adams,Female,CS,63.9,20
10,Scott Martin,Male,DS,81.2,21
11,Scott Gonzalez,Female,CS,56.0,23
12,Leonard West,Male,IT,66.4,18
13,Michael Logan,Female,IT,72.8,23
14,Monica Frost,Male,DS,53.3,23
15,David Johns,Male,AI,51.3,23
16,Heather Finley,Male,IT,68.6,21
17,John Mcpherson,Male,AI,75.2,23
18,David Evans,Female,AI,67.5,23
19,William Peters,Female,IT,60.7,21
20,Latoya Houston,Male,DS,56.0,24
21,Ashley Barron,Female,CS,66.8,24
22,Stephen Dorsey,Male,IT,84.9,19
23,Hannah Walters,Female,AI,59.1,23
24,Maria Cooper,Male,CS,63.5,22
25,Cynthia Garner,Male,CS,65.5,23
26,Ronald Smith,Female,IT,62.5,21
27,Gabriel Morgan,Male,AI,55.7,18
28,Bill Wright,Female,AI,59.6,18
29,Julie Murphy,Male,DS,62.0,22
30,Jill Smith,Female,AI,66.0,18
31,Elizabeth Sandoval,Female,CS,76.7,20
32,Richard Sullivan,Male,CS,71.9,20
33,Paul Chavez,Female,AI,51.5,20
34,Kevin King,Male,CS,71.6,21
35,Kim Acosta,Female,AI,67.3,20
36,Tyrone Nelson,Female,DS,86.4,21
37,Linda Garrison,Female,DS,75.3,21
38,Laura Turner,Female,AI,73.7,21
39,Daniel Sullivan,Female,AI,74.1,24
40,Christina Brown,Female,AI,76.8,21
41,Debra Smith,Male,AI,55.1,18
42,Melissa Wheeler,Male,CS,89.6,23
43,Sierra Lee,Male,DS,57.6,20
44,Joshua Chavez,Female,DS,63.8,24
45,Nicholas Chang,Male,DS,67.7,18
46,Lauren Johnson DDS,Male,CS,76.5,21
47,Stephanie Scott,Male,DS,63.6,18
48,Gary Anderson,Male,DS,76.5,20
49,Alexis Bonilla,Female,IT,72.1,23
50,Patrick Wagner,Male,AI,66.6,23
51,David Gates,Male,AI,68.4,23
52,Christina Willis,Male,IT,67.7,24
53,Madeline Hernandez,Male,IT,59.2,23
54,Hannah Kennedy,Female,IT,61.8,23
55,Denise Freeman,Female,AI,74.0,20
56,Cynthia Wright,Female,CS,77.0,21
57,Bryan Hall,Female,DS,84.3,24
58,Jessica Bolton,Female,DS,72.0,21
59,Rodney Figueroa,Male,DS,79.9,19
60,Calvin Norton,Female,AI,64.6,22
61,Dana Flores,Female,IT,74.4,20
62,Robert Nichols,Male,IT,70.0,22
63,Matthew Henry,Female,IT,61.7,18
64,Wesley Watson,Female,AI,61.5,22
65,Ronald Meyer,Female,DS,56.7,19
66,Tracy Newman,Male,AI,72.4,23
67,Jack Becker,Female,DS,74.4,22
68,Lindsay Harris,Male,DS,63.1,18
69,Loretta Sanders,Female,AI,83.3,24
70,Andrea Frost,Male,CS,94.1,20
71,Angela Horton,Female,AI,74.4,18
72,Brianna Gray,Female,DS,73.7,22
73,Thomas Dickerson,Male,DS,61.7,20
74,Edward Clayton,Female,DS,70.5,24
75,Hunter Perez,Male,DS,67.1,23
76,Felicia Martinez,Male,AI,57.4,23
77,Tracy Downs,Female,CS,75.6,20
78,Gary Hall,Male,CS,94.4,21
79,Vicki Mcdonald,Male,IT,66.5,19
80,Elizabeth Morton,Female,IT,62.8,22
81,Jill Bowen,Female,IT,84.7,24
82,Mrs. Alexandra Powell,Male,AI,83.0,18
83,Ronald Ferguson,Female,IT,69.4,22
84,Zachary Evans,Male,IT,78.9,22
85,Dustin Martin,Female,DS,80.3,23
86,Angelica Gonzalez,Male,CS,88.6,23
87,Melinda Strickland,Male,CS,63.9,23
88,Patricia Smith,Male,AI,58.6,18
89,Andrew Roberts,Female,IT,84.1,24
90,Elizabeth Reid,Male,DS,61.2,23
91,Amanda King,Female,AI,57.1,18
92,Ashley Moon,Female,DS,73.1,22
93,Nicole Smith,Female,DS,74.6,20
94,Anne Morgan,Female,AI,62.4,21
95,Paul Wilson,Male,DS,80.0,22
96,Jillian Olson,Male,CS,69.2,21
97,Timothy Howell,Male,DS,65.2,19
98,Valerie Mccoy,Male,IT,68.3,21
99,Kimberly Phillips,Female,AI,64.5,21
100,Angela Ross,Male,CS,72.4,20
101,Benjamin Hester,Male,AI,61.9,24
102,Jennifer Hale,Male,IT,60.5,20
103,Robert White,Female,AI,65.7,23
104,Alexandra Clark,Male,IT,55.2,18
105,Jeff Davenport,Male,CS,63.4,23
106,Erin Lyons,Male,IT,82.3,21
107,Cassidy Espinoza,Female,AI,53.7,18
108,Kimberly Jones,Female,AI,78.7,24
109,Kerri Rich,Male,IT,90.7,20
110,Julie White,Male,DS,86.5,22
111,David Hayes,Male,IT,49.4,20
112,Wendy Gonzales,Female,DS,71.9,24
113,Mrs. Karen Rogers,Male,CS,72.6,21
114,Willie Graves,Female,AI,69.1,21
115,Kathleen Washington,Male,AI,61.7,22
116,Theresa Mcpherson,Female,AI,68.1,18
117,Sherry Delacruz,Female,CS,55.1,18
118,Eric Deleon,Male,AI,78.5,23
119,Russell Lawrence,Female,IT,68.3,18
120,Rhonda Strickland,Male,AI,70.4,20
121,Lauren Bruce,Female,IT,86.9,22
122,Michael Chambers,Male,AI,58.6,24
123,George Powers,Male,IT,76.5,20
124,Benjamin Rogers,Female,IT,75.8,21
125,Carla Barker,Female,CS,79.3,22
126,Jacob Cervantes,Female,IT,94.0,24
127,Kristin Kennedy,Female,IT,71.1,22
128,Ashley Harris,Female,AI,93.8,19
129,Christopher Jennings,Female,CS,68.8,18
130,David Young,Male,DS,78.4,23
131,Michael Wu,Female,DS,72.6,21
132,Joshua Smith,Male,AI,64.6,20
133,Michael Hernandez,Male,IT,66.6,21
134,Margaret Vega,Female,CS,73.7,20
135,Amber Hill,Female,DS,65.1,20
136,Wanda Miller,Male,CS,71.0,23
137,Jamie Kramer,Male,DS,65.6,21
138,Connie Martin,Male,AI,71.6,23
139,Jacob Collins,Female,CS,84.4,18
140,Michele Smith,Male,CS,63.7,24
141,Linda Jenkins,Male,AI,63.8,18
142,Katie Lindsey,Male,DS,61.3,24
143,Amanda Terrell,Male,CS,78.7,21
144,Kevin Dickson,Male,AI,78.6,22
145,Jessica Wells,Female,DS,70.4,18
146,Troy Estrada,Female,IT,78.6,21
147,Julie Ford,Female,DS,79.6,19
148,Jennifer Paul,Male,DS,66.9,22
149,Robert Brooks,Male,DS,63.9,22
150,Katherine Potts,Female,DS,71.6,21
151,Ariana Ho,Male,AI,59.6,23
152,Anthony Lowery,Male,IT,76.0,24
153,Dana Nelson,Male,DS,63.3,21
154,Cynthia Lee,Male,DS,43.8,24
155,Kyle Ellis,Female,IT,77.8,24
156,Yesenia Taylor,Female,AI,66.2,24
157,Jennifer Collier,Male,IT,66.0,23
158,Eric Walsh,Male,DS,78.4,19
159,Connor Garrett,Male,AI,74.0,23
160,Melissa Davis,Female,CS,81.6,21
161,Bradley Miller DDS,Female,DS,68.8,23
162,Jordan Lee,Male,AI,72.2,20
163,Kevin Stevens,Female,DS,72.0,22
164,Holly Jimenez,Male,IT,82.9,21
165,Steven Turner,Male,DS,69.3,23
166,Ronnie Lynn,Female,IT,67.3,19
167,Bailey Medina,Male,IT,66.5,19
168,Jacob Brennan,Female,CS,73.2,18
169,Douglas Galvan,Male,AI,49.8,20
170,Natasha Hodges,Female,CS,65.4,18
171,Betty Randall,Female,AI,74.5,21
172,Jasmine Brown,Male,DS,63.8,20
173,Joseph Williams,Female,AI,72.4,18
174,Emma Charles,Male,AI,56.4,19
175,Darin Mcneil,Male,CS,75.1,19
176,April Brown,Female,DS,86.0,20
177,Shannon Romero,Female,DS,74.1,19
178,Danny Brown,Male,CS,61.3,21
179,Wayne Hopkins Jr.,Female,AI,77.1,20
180,Mr. Scott Shaw,Male,IT,70.6,18
181,Kevin Love,Male,AI,52.3,22
182,Jon Clark,Female,IT,51.7,19
183,Barbara Estrada,Female,CS,79.7,22
184,Megan Watkins,Female,DS,88.1,21
185,Jeffrey Wilson DDS,Female,AI,64.3,19
186,Christy Adams,Male,CS,76.3,20
187,Lisa Pope,Male,DS,49.1,20
188,Brian Russell,Male,DS,68.8,20
189,Joseph Webb,Male,DS,75.5,19
190,Rebecca Baker,Female,IT,73.1,21
191,Adam Taylor,Female,AI,75.2,19
192,Stephanie Hunt,Male,IT,64.8,19
193,Beverly Smith,Female,DS,68.5,18
194,Austin Alvarado,Male,IT,59.3,20
195,Susan Moody,Female,IT,87.4,24
196,Angel Burke,Female,IT,73.9,24
197,Elizabeth Travis,Male,CS,81.1,20
198,Alexandra Mccoy,Female,CS,75.2,20
199,David Cardenas,Male,IT,78.7,20
200,Stephen Mitchell,Male,CS,73.6,20
201,Megan Barber,Female,IT,66.6,23
202,Allen Burns,Female,IT,59.0,21
203,Tiffany Dean,Male,CS,75.4,23
204,John Bennett,Female,DS,81.7,23
205,David Martinez,Female,AI,77.1,19
206,John Allen,Male,AI,76.2,19
207,Diana Allen,Female,AI,63.5,24
208,Kevin Martin,Male,IT,53.1,21
209,Sarah Bond,Female,CS,72.6,19
210,Lisa Chen,Female,AI,78.4,24
211,Amanda Nolan,Male,AI,84.6,18
212,Brad Anderson,Male,CS,63.5,20
213,Mary Jackson,Female,DS,79.1,19
214,Adam Miller,Female,AI,65.0,19
215,Cynthia Bryant,Female,CS,56.5,20
216,Samantha Gibson,Male,CS,78.8,23
217,Jose Hopkins,Female,CS,55.0,18
218,Alyssa Sosa,Male,AI,81.8,24
219,Barry Curtis,Male,DS,56.8,22
220,Marissa Lee,Male,AI,74.0,24
221,Valerie Boyd,Female,DS,64.9,24
222,Bianca Copeland,Male,AI,64.2,23
223,Edward Foster,Female,CS,80.8,23
224,Pam Carter,Male,AI,64.2,21
225,Blake Lambert,Female,AI,72.8,18
226,Trevor Martin,Male,IT,80.0,18
227,John Weber,Female,AI,69.4,20
228,Debra Lambert,Male,DS,64.1,24
229,Jesse Martin,Female,IT,70.8,19
230,Ashley Pineda,Male,CS,72.9,23
231,Charles Brown,Male,IT,81.1,21
232,Scott Dickson,Male,AI,67.8,23
233,Ann Dunn,Female,IT,74.9,18
234,Chad Walton,Female,DS,66.9,18
235,Mark Bennett,Male,IT,99.2,22
236,Christina Ballard,Male,AI,63.8,23
237,Kevin Arias,Female,AI,54.5,19
238,Margaret Aguirre,Female,DS,60.9,21
239,Taylor Juarez,Male,IT,83.0,24
240,Tammy Eaton,Female,CS,51.4,23
241,Jerry Hartman,Female,AI,72.6,23
242,Mark Barber,Male,DS,64.2,20
243,Elizabeth Bryant,Male,DS,64.3,24
244,Karen Little,Female,DS,64.3,24
245,Jerry Howard,Male,CS,64.2,19
246,Rachel Duke,Female,IT,78.6,24
247,Richard Roth,Male,DS,64.6,18
248,Calvin Fowler,Male,AI,67.7,18
249,Tiffany Mitchell DDS,Female,CS,76.7,21
250,Kimberly Cunningham,Male,AI,68.0,24
251,Mr. Justin Wilson IV,Female,IT,66.3,19
252,Laura Horton,Female,IT,56.6,22
253,Donald Hill,Female,CS,71.0,21
254,Annette Jackson,Male,IT,86.4,23
255,Nicholas Larsen,Female,CS,72.3,19
256,Brandy Hunter,Female,CS,60.1,18
257,Robert Lee,Male,CS,66.1,19
258,Alexandra Miles,Female,CS,76.0,21
259,Kimberly Andrews,Male,CS,64.9,22
260,Michael Hunter,Female,DS,67.6,22
261,Megan Acosta,Male,IT,77.6,22
262,Jeffrey Wagner,Male,IT,61.4,22
263,Tracey Ramos,Male,DS,62.5,21
264,Samuel Gonzalez,Male,CS,62.5,19
265,Sharon Butler,Female,DS,68.3,24
266,Anthony Nelson,Male,CS,49.9,22
267,Cody Lucero,Female,IT,85.6,23
268,Glenn Daugherty,Male,IT,63.0,21
269,Raymond Navarro,Female,DS,65.2,18
270,Gregg Carr,Male,DS,69.6,24
271,Mary Davis,Male,AI,70.0,23
272,Suzanne Mccarty,Male,DS,68.5,22
273,Jennifer Kemp,Male,AI,75.0,20
274,Ronald Callahan,Female,CS,67.0,20
275,Amanda Russell,Male,DS,68.5,20
276,Patrick White,Male,IT,66.1,20
277,Casey Sanchez,Female,DS,91.2,22
278,Robert Stewart,Male,CS,72.0,18
279,Joshua Gonzalez,Female,CS,90.9,22
280,Robert Marshall,Male,IT,66.2,21
281,Brandon Wilson,Female,DS,62.4,21
282,Brittany Lopez,Female,DS,66.7,24
283,Emily Norton,Female,IT,77.4,24
284,Laura Sandoval,Male,AI,76.2,20
285,Timothy Collins,Female,IT,76.9,22
286,Allen Martinez,Male,DS,61.6,20
287,Linda Mcfarland,Female,IT,72.0,19
288,Jaime Villanueva,Female,DS,77.3,24
289,Jason Nash,Female,IT,72.9,23
290,Charles Lynch,Male,DS,65.9,18
291,Susan Campbell,Male,CS,81.6,18
292,Lacey Vasquez,Female,IT,65.8,22
293,Jocelyn Gonzalez,Male,IT,74.0,22
294,Sandra Baker,Male,DS,61.9,24
295,Michael Reeves,Female,DS,82.2,20
296,Jennifer Marsh,Male,AI,74.4,18
297,Kevin Perez,Male,DS,78.7,23
298,James Johnson,Female,DS,84.0,21
299,Kristin Gray,Female,CS,55.1,22
300,Patricia Rogers,Male,DS,76.8,24
301,Joseph Martinez,Female,CS,65.3,22
302,Bill Hernandez,Female,CS,72.9,21
303,Gregory Collins,Male,IT,68.7,21
304,Jeremy Johnson,Female,CS,67.0,22
305,Brian Thompson,Female,IT,83.4,20
306,Logan Wilkerson,Female,CS,66.7,23
307,Brian Flores,Male,DS,59.0,20
308,Charlotte Gates,Male,DS,82.8,22
309,Deborah Gray,Male,CS,72.0,24
310,Charles Kaiser,Female,CS,86.7,19
311,Benjamin Burch,Male,AI,69.8,21
312,Chase Lawson,Male,DS,77.2,19
313,Karen House,Male,AI,84.3,22
314,Kenneth Hunt,Female,CS,67.6,23
315,Michael Henson,Female,DS,48.8,18
316,Patrick Brown,Male,AI,85.3,24
317,Harold Valenzuela,Male,IT,82.9,23
318,Rhonda Stark,Female,IT,63.3,20
319,Gabriela Richard,Female,IT,76.2,24
320,Jacqueline Johnson,Male,AI,73.6,21
321,Tanya Rodriguez,Female,AI,62.7,24
322,Kristen King,Male,AI,72.5,18
323,Willie Allison,Male,CS,73.7,20
324,Kathryn Adams,Female,CS,67.7,19
325,Carol Lin,Male,DS,71.1,20
326,Matthew Gonzalez,Male,CS,54.9,21
327,Gary Chavez,Female,AI,72.4,23
328,Sean Cox,Male,AI,70.3,20
329,Kayla Nielsen,Male,CS,54.1,22
330,Luke Erickson,Male,IT,69.6,20
331,Meghan Martin,Male,DS,80.2,23
332,Caleb Fitzgerald,Female,AI,72.0,18
333,Susan Davis,Female,CS,82.0,20
334,Veronica Smith,Male,CS,74.9,23
335,Paul Chen,Male,AI,48.0,22
336,Deborah Coleman,Female,IT,85.2,19
337,Frank Holland,Female,DS,73.6,23
338,Vincent Hernandez,Male,AI,70.7,18
339,Thomas Ross,Male,IT,52.8,18
340,Caitlin Lee,Female,CS,63.4,18
341,Mitchell Grant,Male,CS,73.2,20
342,Karen Baker,Male,CS,72.9,24
343,Jamie Green,Female,AI,54.4,19
344,Martin Davis,Female,DS,49.6,18
345,Alejandra Lane,Female,DS,74.3,23
346,Jessica Myers,Female,CS,72.4,21
347,Gina Page,Male,DS,80.7,21
348,Carl Green,Female,DS,69.0,23
349,Zoe Rogers,Female,CS,76.1,21
350,John Rodriguez,Male,IT,66.2,24
351,Samantha Velasquez,Male,AI,82.1,20
352,Julie Jackson,Female,CS,85.7,24
353,Monica Smith PhD,Female,IT,74.0,22
354,Dawn Adams,Male,IT,57.7,18
355,Kimberly Robinson,Female,CS,69.3,20
356,Debbie Mitchell,Male,DS,59.4,20
357,Jennifer Mayo,Female,IT,80.0,19
358,Patricia Taylor,Male,AI,69.4,24
359,Carmen Diaz,Female,CS,71.2,21
360,Tyler Robinson,Female,CS,78.7,20
361,Elizabeth Stevens,Male,AI,74.2,18
362,Cheryl Black,Male,CS,91.8,22
363,Stephen Pugh,Female,CS,68.2,24
364,Catherine Perry,Male,IT,65.3,23
365,Sherry Rivera,Female,IT,70.0,23
366,James Molina,Male,DS,68.4,18
367,Kendra Elliott,Male,CS,65.2,20
368,Kevin Harris,Male,AI,64.0,21
369,Lauren Clark,Male,DS,72.0,21
370,Andrew Spencer,Male,IT,100.0,21
371,Kayla Bautista,Female,DS,63.3,21
372,Tyler Figueroa,Male,DS,88.9,19
373,James Jackson,Male,DS,77.6,18
374,Jennifer Obrien,Male,CS,81.2,18
375,Daniel Jones,Female,AI,58.4,23
376,Dennis Green,Male,AI,67.4,23
377,George King,Female,AI,88.5,22
378,Jeffrey Lee,Female,IT,81.8,20
379,Michelle Smith,Female,CS,81.5,23
380,Lindsey Wiley,Female,IT,53.7,23
381,Brian Smith,Male,CS,63.8,21
382,Matthew Barrett,Male,CS,52.3,18
383,Nicholas Woods,Female,DS,76.8,19
384,Morgan Beck,Female,IT,85.1,24
385,Sarah Foley,Female,IT,72.3,22
386,Amber Conrad,Male,IT,73.6,19
387,Richard Moore,Female,DS,76.0,22
388,Jeffrey Cox,Female,AI,78.9,24
389,Beth Thompson,Male,CS,71.2,19
390,Stephanie Turner,Male,DS,76.3,19
391,Jessica Franklin,Male,IT,51.6,22
392,Cindy Chen,Male,CS,65.4,20
393,Stephanie Faulkner,Male,IT,75.2,18
394,Melissa Mcdaniel,Male,IT,60.4,23
395,Jonathan Saunders,Male,AI,71.9,19
396,Stephanie Andrews,Female,AI,57.4,18
397,Jennifer Clarke MD,Male,AI,57.2,18
398,Linda Richardson,Male,AI,71.0,22
399,Mike Smith,Male,AI,62.3,18
400,Gabriel Lawrence,Male,IT,75.6,19
401,David Baker,Female,IT,77.7,20
402,Alexandria Daniels,Female,DS,79.8,19
403,Edward Alexander,Female,AI,40.0,19
404,Angela Hill,Male,CS,65.4,24
405,Crystal Walsh,Female,AI,84.2,23
406,Monica Howell,Male,AI,72.7,22
407,Michael Wheeler,Male,AI,76.9,22
408,William Castillo,Male,CS,77.9,24
409,Robin Jackson,Male,IT,87.2,20
410,Carla Hill,Male,DS,73.2,18
411,Michael Butler,Male,AI,65.2,21
412,Garrett Johnson,Male,DS,76.0,24
413,Susan Patel,Male,AI,78.6,21
414,Bryan Taylor,Male,DS,66.7,20
415,Karina Ewing,Male,DS,57.2,19
416,Jody Murphy,Female,CS,82.1,19
417,Kimberly Young,Female,DS,68.3,23
418,Michelle Garcia,Male,DS,53.3,21
419,Susan Murray,Female,AI,72.1,21
420,Seth Henry,Male,CS,68.3,20
421,Marcus Garcia,Male,CS,72.5,18
422,Christine Pena,Female,DS,80.6,23
423,Matthew Davidson,Male,DS,59.8,19
424,Patricia Gay,Male,DS,63.3,19
425,Kimberly Wright,Female,AI,68.2,23
426,Paul Holmes,Male,IT,67.1,20
427,Steven Bridges,Female,AI,52.9,19
428,Julie Wheeler,Female,CS,66.4,22
429,Cynthia Cardenas,Female,AI,74.1,24
430,Jennifer Burke,Male,AI,77.8,22
431,Donna Sullivan,Female,IT,66.3,20
432,Emily Hansen,Male,AI,81.1,20
433,Christine Baxter,Female,AI,55.5,22
434,Evelyn Cantrell,Female,AI,77.2,18
435,Jamie Maxwell,Male,DS,64.3,20
436,Kristen Vaughn,Female,CS,55.5,24
437,Dakota Lane,Female,DS,76.9,19
438,Gabriella Lloyd,Male,AI,64.8,21
439,Elizabeth Combs,Male,AI,75.4,18
440,Lauren Alvarez DDS,Female,DS,72.0,22
441,Sonya Nguyen,Female,DS,82.0,19
442,Eddie Jennings,Female,DS,42.8,20
443,Maria Meyer,Female,IT,71.8,24
444,Kyle Martin,Female,IT,69.7,18
445,Anne Morrow,Male,CS,67.0,22
446,Luis Palmer,Female,IT,73.7,22
447,Lee Cameron,Male,AI,78.0,20
448,Erika Glover,Female,IT,72.8,19
449,Eric Owens,Male,AI,53.9,24
450,James Davis,Female,DS,53.6,18
451,Sara Andrade,Female,CS,61.4,24
452,Krystal Caldwell,Male,DS,69.9,21
453,Sherri Chavez,Male,CS,77.7,24
454,Nancy Lewis,Female,AI,83.5,21
455,Shannon Gilmore,Female,CS,61.9,20
456,Rhonda Douglas,Male,DS,61.7,22
457,Becky Williams,Female,IT,73.5,19
458,Sarah Smith,Male,IT,71.4,23
459,Maria Jordan,Male,CS,60.7,22
460,Patricia Strong,Female,CS,64.3,22
461,Carol Velazquez,Male,AI,69.9,24
462,Audrey Nelson,Female,DS,53.0,20
463,James Tran,Female,CS,68.4,21
464,Joseph Reyes,Male,IT,65.9,22
465,Lori Dudley,Female,AI,72.5,18
466,Anna Choi,Male,CS,81.4,19
467,Matthew Fisher,Male,CS,75.4,23
468,John Montgomery,Male,AI,71.1,18
469,Mandy Walsh,Female,IT,64.0,23
470,Rebekah Walker,Female,IT,51.7,22
471,Donald Evans,Female,AI,58.4,20
472,Stephanie Evans,Female,CS,72.4,18
473,Marvin Nguyen,Male,IT,88.5,22
474,Jenny Davis,Male,CS,54.8,19
475,Grant Garcia,Male,IT,71.6,18
476,Michael Hooper,Female,DS,64.9,24
477,Christopher Quinn,Male,AI,77.5,19
478,Richard Daniels,Male,AI,64.4,19
479,Linda Ware,Female,CS,86.2,24
480,Carlos Jones,Female,CS,71.2,22
481,Stephen Lopez,Female,IT,80.9,21
482,Pamela Welch,Male,AI,74.5,20
483,Sherry Jackson,Female,CS,76.3,24
484,Christopher Carter,Female,IT,60.3,21
485,Ralph Carpenter,Male,IT,77.4,21
486,Anthony Munoz,Female,AI,67.3,18
487,Alexander Avila,Female,CS,55.8,19
488,Bobby Lopez,Female,AI,54.9,24
489,Mary Johnson,Female,IT,77.1,24
490,Thomas Murphy,Female,CS,85.9,24
491,Christopher Miranda,Female,CS,65.4,24
492,Briana Goodwin,Female,CS,75.0,21
493,April Cooper,Female,CS,66.1,20
494,Gary Lucas,Female,IT,72.5,20
495,Vickie Pacheco,Female,AI,60.9,22
496,Anthony Webster,Male,DS,87.9,19
497,Nicholas Rogers,Female,IT,63.6,24
498,William King,Female,IT,75.1,24
499,Nathan Camacho,Male,IT,52.2,18
500,Robert Jackson,Male,AI,80.1,23
501,Mrs. Amber Warren,Male,IT,50.7,19
502,James Keller,Male,DS,70.5,18
503,Mary Evans,Male,AI,78.1,24
504,Lynn Wilson,Female,CS,63.8,20
505,Jonathan Romero,Female,CS,83.1,21
506,Andrew Bennett,Male,AI,68.2,21
507,Taylor Green,Female,AI,73.6,18
508,Robert Henderson,Female,IT,65.1,19
509,Charles Ramos,Female,IT,53.5,24
510,Jose Davis,Female,AI,69.2,24
511,Earl Massey,Male,DS,73.1,24
512,Joseph Luna,Female,IT,69.9,22
513,Brandon Jordan,Female,AI,77.1,22
514,Kimberly Ramirez,Male,DS,77.2,24
515,John Rowland,Male,IT,74.4,23
516,Mr. Brandon Maynard,Male,DS,87.5,19
517,James Hart,Male,DS,77.8,21
518,Cathy Guerrero,Male,DS,81.3,19
519,Nicole Roberts,Female,CS,80.8,20
520,Carol Parks,Female,DS,78.2,20
521,Kenneth Anderson,Female,DS,51.1,18
522,Cody Johnston,Male,IT,73.7,23
523,Ricardo Solis,Male,AI,75.5,21
524,Douglas Owen,Male,AI,69.9,19
525,Kenneth Bell,Male,IT,49.2,19
526,Amanda Kim,Male,IT,59.9,21
527,Brian Jones,Female,IT,73.7,19
528,Dr. Benjamin Young PhD,Male,CS,58.5,23
529,Miguel Mendoza,Male,AI,50.6,21
530,Christian Espinoza,Female,DS,67.8,18
531,Jeffrey Gordon,Male,AI,55.0,22
532,Amy Martinez,Female,IT,79.8,18
533,Vanessa Nelson,Male,IT,60.3,20
534,Taylor Morrison,Female,DS,64.1,22
535,Mary Olson,Female,CS,52.9,20
536,Paul Knox,Female,IT,65.3,19
537,Michelle Davis,Male,DS,76.4,22
538,Eric Walker,Female,CS,68.0,21
539,Patrick Green,Male,CS,79.2,21
540,Christopher James,Male,DS,71.3,21
541,Diana Thomas,Male,CS,85.7,23
542,Brandon Sanchez,Female,DS,65.4,21
543,Julie Mitchell,Male,CS,75.3,24
544,Kristen Shah,Male,DS,69.4,19
545,David Byrd,Female,AI,68.3,20
546,Sheila Brown,Male,CS,50.6,24
547,John Reid,Male,IT,78.5,19
548,Joseph King,Female,DS,79.8,23
549,Cameron Walker,Female,AI,87.6,24
550,Nancy Banks,Male,CS,71.7,22
551,Dr. Gina Pruitt,Male,DS,70.1,21
552,Jerry Jennings,Male,CS,85.5,21
553,William Nelson,Female,IT,74.6,23
554,Anthony Christensen,Male,IT,66.4,19
555,Charles Banks,Female,DS,80.7,21
556,Amanda Mcknight,Male,AI,69.8,22
557,Lonnie Lee,Female,DS,67.6,21
558,Mrs. Jamie Bradley,Female,CS,69.3,21
559,Laura Savage,Female,AI,93.6,23
560,Kathryn Garcia,Female,IT,51.2,18
561,Gregory Turner,Female,IT,73.9,24
562,Jennifer Glover,Female,CS,68.7,23
563,Scott Haney,Male,DS,61.6,22
564,Rebecca Patton,Male,AI,64.4,19
565,Kendra Houston,Male,IT,63.4,22
566,David Carter,Male,IT,65.8,22
567,Rachel Pruitt,Male,IT,60.9,19
568,Carlos Riley,Male,IT,58.1,20
569,Terri Williams,Female,IT,86.0,22
570,Ronnie Rice,Female,AI,70.1,18
571,Brian Anderson,Male,DS,76.1,23
572,Jesus Cox,Male,IT,84.0,18
573,Lisa Flores,Female,CS,72.2,22
574,Beverly Patton,Female,DS,80.9,23
575,Jennifer Page,Female,IT,60.2,22
576,Margaret Fletcher,Female,IT,82.2,19
577,Morgan Hardin MD,Male,CS,70.9,20
578,Melissa Mack,Male,CS,68.3,24
579,Edward Campbell,Female,DS,73.7,20
580,Julie Juarez,Male,AI,67.4,20
581,Dana Simpson,Male,DS,67.2,22
582,Roberto Elliott,Male,CS,48.4,24
583,Michelle Sanchez,Female,DS,59.8,21
584,Glen Newton,Male,DS,73.3,24
585,Joseph Hayes,Female,IT,100.0,22
586,Seth Rios DDS,Female,IT,68.7,22
587,Marvin Davis,Male,DS,78.6,19
588,Jacob Scott,Female,CS,50.1,18
589,John Reilly MD,Female,DS,83.2,20
590,Scott Herrera,Male,CS,68.2,18
591,Carrie Davidson,Male,IT,67.0,24
592,Darrell Greer,Male,DS,73.8,22
593,Cheyenne Nguyen,Female,CS,58.3,22
594,Mark Keller,Female,AI,65.1,23
595,Elizabeth Warner,Female,IT,79.6,19
596,Natalie Orozco,Female,AI,64.7,23
597,Jordan Price,Female,DS,68.6,23
598,Emily Ware,Female,IT,79.4,18
599,Charles Schwartz,Male,IT,54.0,23
600,Christine Hernandez,Female,DS,80.1,23
601,Douglas Roach,Female,DS,62.7,23
602,Cindy Wolfe,Male,AI,54.8,18
603,Karen Davenport,Male,IT,66.1,24
604,Stephanie Harvey,Female,IT,91.2,21
605,Heather Robles,Male,IT,81.0,18
606,Bryan Pruitt,Female,IT,87.0,22
607,Brian Andersen,Male,CS,70.6,19
608,Carolyn Williams,Female,DS,89.5,22
609,Paula Sharp,Male,IT,68.6,23
610,Scott Rodriguez,Female,IT,62.3,18
611,Joseph Kemp,Female,AI,55.3,20
612,Kelly Brown,Female,IT,70.2,20
613,Christopher Davis,Female,CS,69.0,24
614,Robert Ferguson,Male,CS,85.1,19
615,Jeremy Burnett,Female,DS,72.7,21
616,Loretta Shah,Female,DS,76.0,24
617,Christine Jordan,Male,AI,65.0,18
618,Corey Murphy,Male,IT,89.7,18
619,Nicholas Adams,Female,CS,60.2,21
620,Emily Mccormick,Female,CS,82.8,20
621,Lauren James,Female,DS,69.0,19
622,Jaclyn Duke,Male,DS,54.6,21
623,Kyle Gonzalez,Female,DS,65.9,22
624,Sheila Bridges,Female,CS,68.3,24
625,Jose Graves,Female,IT,68.8,24
626,Ms. Ashley Pena,Female,AI,62.5,20
627,Jasmine Casey,Female,DS,54.4,23
628,Heather Richard,Female,CS,64.4,21
629,Michael Lewis,Male,CS,80.3,18
630,Donna Collins PhD,Female,CS,40.0,23
631,Linda Campbell,Male,DS,83.2,19
632,Justin Howard,Male,DS,63.8,20
633,Alexandria Obrien,Female,AI,68.7,24
634,Mark Wilson,Male,DS,73.4,24
635,Dylan Woodward,Female,DS,86.1,24
636,Crystal Wade,Female,AI,63.9,21
637,Keith Cain,Female,DS,69.8,21
638,Frank Johnson,Male,DS,73.8,19
639,Wesley Bates,Male,IT,77.3,18
640,Stephanie Wilkinson,Male,CS,69.0,21
641,Bryan Herring,Female,CS,62.7,22
642,Dustin Butler,Female,AI,68.8,20
643,Harold Mitchell,Male,DS,84.8,18
644,Gerald Salazar,Male,CS,79.3,22
645,Bryan Nguyen,Female,DS,71.5,21
646,Kyle Mccarthy,Female,IT,100.0,19
647,Terry Wilson,Female,IT,51.2,19
648,Amy Burke,Female,CS,63.2,20
649,Jacob Merritt,Male,IT,61.8,20
650,Rachel Hunt,Male,AI,70.3,24
651,Veronica Lee,Male,DS,52.9,22
652,Jose Flores,Female,CS,74.0,21
653,William Gross,Male,CS,80.3,19
654,John Schneider,Female,IT,72.6,20
655,Lawrence Horton,Female,IT,69.1,19
656,Angela Delgado,Male,CS,85.1,20
657,Kirk Brown,Male,IT,50.5,23
658,Sara Erickson,Male,AI,71.0,18
659,Warren Kline,Male,CS,79.1,19
660,Evelyn Johnson,Female,DS,69.4,21
661,Michael Woods,Male,IT,69.0,21
662,Kellie Hamilton,Male,AI,79.7,20
663,James Neal,Female,IT,66.8,22
664,Lawrence Brown,Male,AI,84.6,18
665,Michael Hopkins,Male,CS,68.7,18
666,Dr. Susan Riddle,Male,CS,68.7,19
667,Shelby Beard,Female,CS,74.3,18
668,Brenda Sullivan,Male,CS,77.6,18
669,James Collins,Male,CS,67.4,24
670,Krista Guerra,Female,DS,52.8,23
671,Tyrone Moore,Female,DS,70.7,22
672,Marie Porter,Male,CS,58.6,19
673,Brian Stephens,Female,IT,60.1,23
674,Brian Roberts,Female,CS,53.6,19
675,Thomas Ortiz,Female,AI,87.8,21
676,Jenna Miller,Male,CS,72.2,18
677,Isabella Pineda,Female,CS,63.3,22
678,Joseph Valenzuela,Male,IT,77.8,21
679,Tracy Nguyen,Male,AI,57.1,23
680,Gregory Perry,Female,AI,63.7,18
681,Crystal Vargas,Male,AI,68.2,20
682,Melissa Wilson,Male,AI,45.7,22
683,Andrea Simmons,Female,AI,69.4,20
684,Jonathan Gonzales,Male,IT,62.7,22
685,Diana Owens,Male,CS,69.7,23
686,Ryan Wang,Female,IT,69.8,18
687,Randy Baxter,Female,IT,72.5,22
688,Valerie Benson,Female,DS,57.3,24
689,Nancy Ward,Female,IT,84.4,20
690,Martin Johnson,Male,IT,72.2,21
691,Karen Franklin,Male,IT,92.2,21
692,Tara Woods,Female,IT,84.0,24
693,Mindy Carter,Female,CS,78.7,20
694,Anthony Lambert,Female,CS,80.5,22
695,Christina Lee,Male,CS,59.1,24
696,Geoffrey Smith,Female,CS,60.1,24
697,Christopher Gordon,Male,CS,61.0,24
698,Michael Silva,Female,AI,78.7,20
699,Jessica Myers,Male,IT,75.6,22
700,Samantha Carson,Male,IT,55.0,20
701,Jasmine Snow,Male,DS,46.2,18
702,Michael Browning,Female,CS,73.0,18
703,Michelle Logan,Female,CS,69.5,20
704,Thomas Adams,Female,AI,83.9,24
705,William Mueller,Female,AI,75.2,22
706,Lance Nelson,Male,AI,75.3,19
707,Jennifer Sandoval,Male,AI,65.5,24
708,Jeffrey Potter,Male,CS,64.5,22
709,Paula Green,Male,CS,79.4,24
710,Mark Gibson,Female,AI,78.0,23
711,Raymond Peterson,Female,CS,83.2,24
712,Kelly Bentley,Male,DS,71.4,21
713,Ronald Gonzalez,Male,CS,71.8,20
714,Susan Martinez,Male,AI,84.1,23
715,Jason Murillo,Male,DS,80.7,20
716,Steven Chan,Male,CS,66.2,20
717,Jessica Flores,Male,IT,47.7,24
718,Jessica Swanson,Female,DS,76.5,23
719,Stacie Robbins,Female,DS,85.1,19
720,Joseph Jones,Male,CS,72.9,22
721,Kevin Davidson,Female,IT,51.0,18
722,Jackie Smith,Male,IT,75.1,19
723,Diamond Davis,Male,AI,73.7,24
724,Maria Vazquez,Male,CS,76.1,20
725,Kevin Thomas,Female,CS,73.7,21
726,Samuel Bowman,Male,CS,55.7,23
727,Sarah Williamson,Female,IT,58.2,18
728,Mariah Jenkins,Female,DS,74.7,21
729,Joseph Cannon,Male,CS,62.4,20
730,Joseph Allen,Male,DS,95.0,18
731,Joseph Cruz,Female,IT,83.2,22
732,Renee Hampton,Male,AI,78.6,24
733,Laura Huffman,Female,CS,61.7,23
734,Alex Gray,Female,AI,77.3,21
735,Abigail Ramos,Female,CS,62.9,18
736,Andrea Mitchell MD,Female,CS,75.7,20
737,Robert Blackburn,Male,CS,96.0,18
738,Karina Fields,Female,AI,62.1,18
739,Whitney Woods,Male,IT,72.2,22
740,Brian Morgan,Male,CS,90.0,23
741,Bradley Long,Female,DS,90.7,18
742,Kimberly Dixon,Male,DS,75.2,23
743,Elizabeth Martinez,Female,CS,81.0,20
744,Wayne Graves,Female,CS,86.2,23
745,Joshua Morales,Male,DS,85.0,24
746,Mrs. Denise Sandoval,Female,CS,87.7,20
747,Dr. Michael Patel,Female,DS,73.2,18
748,Marcus Strickland,Male,DS,71.5,18
749,Patty Jones,Male,DS,66.4,22
750,Kelly Mitchell,Male,AI,76.3,24
751,Ashley Garcia,Female,DS,82.0,22
752,Cynthia May,Female,AI,67.1,24
753,Samantha Ibarra,Female,AI,77.4,18
754,Chelsea Ochoa,Female,DS,62.1,19
755,Abigail Kirk DVM,Male,AI,71.2,23
756,Dr. Yvonne Rich,Male,AI,73.8,21
757,Melissa Dunlap,Female,CS,91.1,18
758,Seth Zhang,Male,AI,70.6,22
759,Kelsey Gonzalez,Female,AI,62.2,24
760,Kyle Glover,Female,CS,68.8,19
761,Catherine Frey,Female,CS,63.1,24
762,Michelle Fisher,Male,IT,47.5,22
763,Dana Gomez,Female,AI,75.0,18
764,Maureen Rice,Male,DS,66.3,19
765,Kyle Jordan,Male,IT,63.6,18
766,Michael Miller,Female,CS,64.1,20
767,Kenneth Evans Jr.,Male,CS,82.8,21
768,Richard Alexander,Male,AI,91.3,21
769,Amanda Andrews,Male,DS,87.0,24
770,Joel Wilson,Male,CS,68.3,19
771,Charles Hardy DDS,Female,IT,56.9,22
772,Olivia Hall,Male,DS,50.9,19
773,Marcus Blake,Male,DS,89.0,21
774,Jessica Nelson,Male,AI,55.8,20
775,Ryan Kim,Male,IT,72.9,18
776,Sandra Long,Male,CS,86.2,18
777,John Ashley,Female,DS,58.6,18
778,Tina Smith,Male,AI,78.7,23
779,Sheila Meyer,Female,AI,60.2,22
780,Victoria Elliott,Male,IT,66.9,20
781,Mark Cannon,Male,AI,67.9,22
782,Mark Rodriguez,Female,AI,52.6,21
783,Dominique Washington,Male,IT,59.8,21
784,Jenny Douglas,Male,IT,63.4,24
785,Amy Webster,Male,CS,72.0,18
786,Sabrina Shea,Female,AI,70.6,22
787,Carol Beck,Male,DS,64.3,22
788,Carl Simpson,Female,CS,79.6,23
789,Thomas Gentry,Male,CS,56.4,21
790,Julie Shepard,Female,IT,59.5,20
791,Margaret Kennedy,Female,AI,76.3,18
792,Jamie Adams,Female,DS,84.3,18
793,Kristy Kennedy,Female,AI,89.1,21
794,Jerry Parker,Female,DS,76.9,20
795,Dean Ramirez,Female,AI,64.1,24
796,Diane Mitchell,Male,AI,71.3,24
797,Nathaniel White,Female,IT,91.4,18
798,Brandon Williams,Female,CS,66.9,19
799,Katherine Alvarez,Male,AI,82.1,22
800,Justin Brown,Male,DS,80.8,19
801,Katie Reynolds,Male,DS,56.6,24
802,Faith Wilson,Male,CS,66.4,23
803,Sandra Hardy,Male,AI,75.9,22
804,Sandra Collins,Female,CS,50.5,22
805,Jennifer Manning,Female,IT,75.2,22
806,Michael Freeman,Female,CS,85.3,20
807,Cynthia Quinn DDS,Male,IT,55.7,20
808,Nicholas Farmer Jr.,Female,CS,72.7,24
809,Michelle Hughes,Female,AI,61.3,20
810,Heather Lewis,Male,AI,72.7,19
811,Caitlin Kelly,Female,AI,51.3,23
812,Jennifer Dillon,Female,DS,72.9,18
813,Amanda Rose,Female,DS,59.0,22
814,Mathew Oliver,Male,IT,52.2,20
815,Carly Jackson,Male,CS,72.5,18
816,Kevin Smith,Female,CS,76.5,22
817,Michelle Lawson,Male,IT,70.0,24
818,Derek Jackson,Male,IT,70.4,18
819,Heather Kirby,Female,AI,72.4,24
820,Kristin Esparza,Female,DS,50.9,21
821,Kevin Wright MD,Female,CS,60.9,23
822,Brian Robinson,Male,CS,70.1,22
823,Mark Lopez,Female,AI,74.6,20
824,Christopher Anderson,Male,CS,70.7,24
825,Mrs. Whitney Beard MD,Male,IT,85.1,20
826,David Moody,Female,CS,65.7,22
827,Andrew Dixon,Male,AI,66.5,23
828,Maria Lawson,Male,DS,54.7,21
829,Michael Nelson,Female,DS,80.0,24
830,Kendra Maldonado,Male,AI,69.8,23
831,Rachel Wilson,Male,DS,62.3,23
832,Robert Glover,Female,DS,64.5,21
833,Ronnie Johnson,Female,IT,50.5,21
834,Robert Phillips,Male,AI,69.8,21
835,Paul Brown,Male,AI,73.6,23
836,Michael Harper,Male,CS,72.5,24
837,Robert Scott,Female,AI,63.9,21
838,Sabrina Larson,Female,CS,65.6,21
839,Patricia Stein,Male,DS,62.4,18
840,Angela Escobar,Female,DS,65.8,21
841,Connor Grimes,Male,AI,74.9,22
842,Robert Brown,Male,DS,75.0,24
843,Laura Williams,Male,IT,48.3,18
844,Matthew Lee,Male,DS,64.3,19
845,Adam Reyes,Female,AI,73.9,18
846,Joshua Williams,Female,DS,60.4,21
847,Kevin Henson,Female,AI,77.9,24
848,Zachary Nolan,Female,DS,69.6,24
849,Heather Ortiz,Female,AI,79.5,19
850,Jeffrey Lee,Female,AI,55.6,18
851,Richard Ramirez,Female,AI,62.5,22
852,Andrea Erickson,Male,AI,85.3,22
853,Kristen Bird,Female,IT,65.0,24
854,Alexander Pennington,Female,AI,69.9,22
855,Hannah Hubbard,Female,CS,51.9,18
856,Crystal Taylor,Female,CS,57.1,21
857,Frank Stone,Female,AI,66.0,18
858,Scott Cox,Female,IT,54.6,24
859,Sheila Thomas,Female,AI,84.0,22
860,Daniel Lopez,Male,IT,67.6,24
861,Robert Mills,Female,AI,73.5,21
862,Sara Gates,Female,DS,71.5,21
863,Brooke Schmidt,Male,DS,56.9,21
864,Kelly Smith,Female,CS,72.9,19
865,Jeremy Stanley,Male,DS,69.6,23
866,Scott Adams,Male,DS,60.0,20
867,Michelle Humphrey,Male,IT,66.8,22
868,Doris Clarke,Male,CS,62.8,24
869,Sandra Bonilla,Female,IT,70.0,21
870,Joshua Anderson,Female,DS,79.3,24
871,Corey Johnson,Male,IT,71.6,19
872,Joseph Mejia,Female,DS,69.0,24
873,Eric Bauer,Male,IT,66.4,23
874,Elizabeth Garcia,Female,DS,78.6,19
875,Tiffany Waters,Male,AI,82.9,19
876,Hannah Fisher,Male,DS,76.5,19
877,Richard Huber,Female,CS,75.6,21
878,Jimmy Davis,Male,DS,74.3,21
879,Joseph Clay,Male,IT,62.7,23
880,Carrie Mann,Female,IT,72.8,18
881,Tina Garcia,Female,CS,66.8,24
882,Crystal Henderson,Female,CS,57.7,23
883,Gabriel Galloway,Male,IT,76.0,21
884,Brandi Sanchez,Male,CS,85.9,18
885,Kyle Brown,Male,AI,70.8,20
886,Maria Edwards,Male,DS,57.0,22
887,Renee Robinson,Male,IT,76.4,18
888,Alexander Taylor,Male,CS,89.4,22
889,Christina Glover,Female,DS,71.5,22
890,Gerald Garcia,Female,CS,76.7,20
891,Bianca Snyder,Male,AI,59.0,21
892,William Holmes,Female,DS,59.1,19
893,Tim Hodges,Male,DS,62.4,21
894,Cathy Jones,Male,DS,65.0,21
895,Jesse Brown,Male,IT,67.5,20
896,Andrew Gonzalez,Male,DS,67.6,20
897,Mr. Marcus Rocha Jr.,Male,IT,67.8,19
898,Joseph Martinez,Male,AI,74.0,20
899,Autumn Rice,Male,DS,55.5,19
900,Erin Zavala,Male,AI,63.8,18
901,Steven Gordon,Male,DS,81.1,22
902,Dr. Barbara Marsh MD,Female,CS,65.4,20
903,Ebony Zavala,Female,CS,60.3,24
904,Patricia Ward,Male,IT,67.4,21
905,Mark Collins,Female,DS,74.1,23
906,Kelly Bright,Female,DS,81.4,18
907,Jennifer Fields,Male,CS,90.7,20
908,Timothy Zimmerman,Male,DS,66.1,24
909,George Walker,Female,CS,49.7,23
910,Donald Johnson,Female,AI,74.5,24
911,Jeffery Kelly,Male,CS,58.6,24
912,Rachel Fields,Male,CS,68.0,18
913,Eugene Miller,Male,DS,62.3,19
914,Judy Harris,Female,IT,78.5,24
915,Justin Merritt,Female,DS,84.1,20
916,Debra George,Male,DS,68.8,23
917,William Ross,Male,DS,62.6,21
918,Jacqueline Vargas,Female,DS,74.2,22
919,Nicholas Pham,Male,IT,67.9,23
920,Veronica Sutton,Female,CS,73.9,24
921,Meghan Spence,Female,IT,60.1,22
922,Haley James,Male,IT,66.7,23
923,Eric Strickland,Female,DS,80.8,23
924,Amanda Walters,Female,AI,93.5,19
925,Sara Mccarty,Female,DS,75.4,19
926,Daniel Barnes,Female,CS,79.0,21
927,Traci Jackson,Male,AI,60.2,22
928,Isaac Jimenez,Male,DS,68.2,20
929,Aaron Miller,Female,IT,57.7,20
930,Karen Martin,Male,AI,62.0,18
931,Laura Adams,Male,IT,44.6,22
932,Jasmine Bishop,Female,CS,85.6,19
933,Gregory Smith,Female,IT,64.5,22
934,Michelle Vazquez,Female,IT,78.5,18
935,Lori Brown,Female,IT,75.6,24
936,Jennifer Holt,Male,DS,62.0,23
937,Troy Simmons,Female,DS,67.9,22
938,Mark Mccormick,Female,AI,73.0,22
939,Lee Smith,Male,CS,60.0,23
940,Scott Butler,Male,CS,65.8,23
941,Jessica Campbell,Male,AI,69.8,21
942,Joshua Collins,Male,CS,74.2,19
943,David Case,Female,AI,66.0,23
944,Carrie Frey,Male,CS,68.3,22
945,Dana Harvey DVM,Female,IT,81.2,18
946,Jessica Bryant,Female,CS,68.7,18
947,Sheila Murray,Female,DS,82.0,19
948,Robin Anderson,Male,AI,68.5,24
949,Randy Harris,Male,CS,67.4,18
950,Ryan Tucker,Female,IT,53.0,18
951,Brittney Mitchell,Male,CS,73.3,18
952,Zachary Walker,Female,IT,64.9,21
953,Craig Watkins,Female,DS,81.7,20
954,Jay Smith,Male,DS,72.9,19
955,Linda Wells,Female,DS,70.2,23
956,Douglas Black,Female,IT,55.4,20
957,Amy Miller,Female,AI,72.1,18
958,Robert Atkinson,Male,DS,70.4,23
959,John Lee,Female,IT,59.9,20
960,Kelly Lee,Female,IT,63.5,24
961,Ruth Holden,Male,IT,62.3,22
962,Joshua Mcclure,Male,IT,74.8,24
963,Kevin Rivera,Male,CS,67.8,24
964,Larry Horn,Female,IT,56.4,20
965,Kayla Powell,Male,AI,89.3,23
966,Angela Allen,Male,AI,83.5,21
967,Mr. Curtis Velez Jr.,Male,AI,72.8,18
968,Christopher Davis,Male,CS,72.7,24
969,Michael Soto,Female,DS,68.8,22
970,William Bean,Female,CS,74.2,19
971,Ronald Smith,Female,CS,61.3,19
972,Adam Page,Female,DS,63.2,24
973,Deborah Bennett,Female,DS,61.0,21
974,Kimberly Perez,Male,CS,75.5,21
975,Amanda Flynn,Female,CS,65.9,18
976,Abigail Thomas,Male,AI,61.0,19
977,Heather Sanchez,Female,DS,75.1,23
978,Nicholas Moon,Female,DS,75.1,18
979,Anthony Baker,Male,IT,76.5,21
980,Robert Mitchell,Male,DS,74.9,19
981,Christopher Lopez,Male,IT,76.6,22
982,Debra Martinez,Female,IT,95.2,19
983,Adam Hunter,Male,AI,67.0,21
984,Jeffrey Williamson,Female,IT,81.3,19
985,Jimmy Bell,Female,AI,81.8,19
986,Dawn Riddle,Female,CS,77.2,23
987,Gregory Mcclain,Female,DS,67.7,20
988,Sandra Mann,Male,CS,54.4,22
989,Ricky Myers,Male,CS,71.2,20
990,Kimberly Mercer,Female,CS,82.7,18
991,Linda Keller,Male,IT,65.8,21
992,David Moore,Male,DS,62.1,22
993,Charles Wagner,Female,IT,70.1,24
994,Billy Novak,Female,AI,57.1,18
995,Joseph Anderson,Male,DS,75.8,19
996,Sergio Everett,Male,IT,69.0,22
997,Casey Berry,Male,IT,79.5,20
998,Alyssa Pierce,Male,IT,87.0,20
999,Antonio Murphy,Male,AI,81.8,19
1000,Kyle Lopez,Female,DS,80.1,19
